<?xml version="1.0" encoding="UTF-8"?>
<beans xmlns="http://www.springframework.org/schema/beans"
	xmlns:xsi="http://www.w3.org/2001/XMLSchema-instance"
	xmlns:context="http://www.springframework.org/schema/context"
	xmlns:mvc="http://www.springframework.org/schema/mvc"
	xsi:schemaLocation="http://www.springframework.org/schema/beans http://www.springframework.org/schema/beans/spring-beans.xsd
		http://www.springframework.org/schema/context http://www.springframework.org/schema/context/spring-context-3.2.xsd
		http://www.springframework.org/schema/mvc http://www.springframework.org/schema/mvc/spring-mvc-3.2.xsd">

	<!-- 配置自定扫描的包  new该类的对象-->
	<context:component-scan base-package="com.easy.controller"></context:component-scan>
	
	
	<!-- 配置视图解析器 -->
	<bean class="org.springframework.web.servlet.view.InternalResourceViewResolver">
		<property name="prefix" value="/WEB-INF/view/"></property>
		<property name="suffix" value=".jsp"></property>
	
	</bean>

	<!-- SpringMVC上传文件时，需要配置MultipartResolver处理器，定义文件上传解析器 -->
     <bean id="multipartResolver"
         class="org.springframework.web.multipart.commons.CommonsMultipartResolver">
         <property name="defaultEncoding" value="UTF-8" />
         <!-- 指定所上传文件的总大小,单位字节。注意maxUploadSize属性的限制不是针对单个文件，而是所有文件的容量之和 -->
         <property name="maxUploadSize" value="10240000" />
     </bean>

	 <!-- 文件出现异常时，处理异常的类方法 -->
	 <!--  <bean class="com.easy.filter.UpFileException">
	 	
	 	
	 </bean>-->	 
	

  <mvc:annotation-driven>
        <mvc:message-converters register-defaults="true">
            <!-- 解决Controller返回json中文乱码问题 -->
            <bean class="org.springframework.http.converter.StringHttpMessageConverter">
                <!-- <property name="supportedMediaTypes" value="text/html;charset=UTF-8" /> -->
                <!-- <property name="supportedMediaTypes" value="application/json;charset=UTF-8" > -->
                <property name="supportedMediaTypes">
                    <list>
                        <value>text/html;charset=UTF-8</value>
                        <value>application/json;charset=UTF-8</value>
                    </list>
                </property>
            </bean>
        </mvc:message-converters>
    </mvc:annotation-driven>
	
	
	
</beans>
