<?xml version="1.0" encoding="UTF-8" ?>		
<!DOCTYPE mapper
PUBLIC "-//mybatis.org//DTD Mapper 3.0//EN"
"http://mybatis.org/dtd/mybatis-3-mapper.dtd">

<mapper namespace="com.easy.mapper.UserMapper">



	<insert id="insertCar">
	
		insert into sys_car(car_id
							,brand
							,type
							,levels
							,structure
							,output
							,geatbox
							,seat
							,original
							,discount
							,image
							)
					  values(seq_sys_car_car_id.nextval
							,#{brand}
							,#{type}
							,#{levels}
							,#{structure}
							,#{output}
							,#{geatbox}
							,#{seat}
							,#{original}
							,#{discount}
							,#{image}
							)
	
			
	</insert>

	<select id="selectPass" resultType="com.easy.entity.User">
		select name,password,type
		from sys_user
		<where>
		
			<if test="phone != '' and phone != null">
				phone = #{phone}
			</if>
		</where>
	
	</select>
	
	
	<select id="selectAllCar" resultType="com.easy.entity.Car">
	
		select car_id,brand
				,type
				,structure
				,geatbox
				,output
				,seat
				,original
				,discount
				,image
				from sys_car
				
				
				order by  original*discount*0.1 asc
	</select>
	
	
	
	<select id="selectBrand" resultType="com.easy.entity.CarBrand">
	
		select brand
				
				from car_brand
				
	</select>
	
	
	
	<select id="selectByBrand" resultType="com.easy.entity.Car">
			select car_id,brand
				,type
				,structure
				,geatbox
				,output
				,seat
				,original
				,discount
				,image
				from sys_car
				
		<where>
				<if test="brand != '' and brand != null">
				
					brand = #{brand}
				</if>
		</where>
	
	</select>
	
	
	
	
	<delete id="deleteCar">
	
		delete from sys_car
		
		<where>
		
			<if test="car_id != 0">
				car_id=#{car_id}
			</if>
		</where>
	</delete>
	
	
	
	<update id="updateCar">
		update sys_car 
		<set>		
			<if test="levels != null and levels != '' " >
				levels=#{levels},
			</if>
			<if test="type != null and type != '' " >
				type=#{type},
			</if>
			<if test="structure != null and structure != '' " >
				structure=#{structure},
			</if>
			<if test="output != null and output != '' " >
				output=#{output},
			</if>						
		</set>				
			where car_id=#{car_id}		
	</update>
	
	
	
	
	<select id="selectLevels" resultType="com.easy.entity.CarLevels">
	
		select levels
				from car_levels
			
	</select>
</mapper>